Feature,Importance
LogP,0.09214229808157771
PubchemFP3,0.07239806149365133
MW,0.06480157415048947
PubchemFP601,0.05204607202513176
PubchemFP308,0.02887725494400075
NumHAcceptors,0.023242775953989808
PubchemFP623,0.020950663467483893
PubchemFP621,0.0207533564178739
PubchemFP559,0.016607034261034076
PubchemFP528,0.013062603400686677
PubchemFP395,0.012580437255002583
PubchemFP301,0.011554590305759338
PubchemFP688,0.010100656777412126
PubchemFP750,0.00983034371040312
PubchemFP180,0.009488806938955346
PubchemFP650,0.00798076463343825
PubchemFP813,0.007977761313764976
PubchemFP335,0.007926416449334268
NumHDonors,0.007502059376574861
PubchemFP193,0.00732114368542653
PubchemFP612,0.005650071560681322
PubchemFP339,0.005562918527224211
PubchemFP143,0.00548380199622944
PubchemFP400,0.005385948456504071
PubchemFP405,0.00508423102242634
PubchemFP682,0.004769002611343297
PubchemFP580,0.004680946144864347
PubchemFP338,0.004525145355046945
PubchemFP643,0.00445833439697054
PubchemFP695,0.004355945923011989
PubchemFP716,0.004237036885524775
PubchemFP614,0.0041197859263141495
PubchemFP374,0.0041195864042099135
PubchemFP646,0.0041167973801957344
PubchemFP704,0.004111136542911625
PubchemFP588,0.004102051461856552
PubchemFP199,0.0038733531866847475
PubchemFP259,0.003839318880085104
PubchemFP182,0.003817805496258831
PubchemFP721,0.0037543717554248167
PubchemFP712,0.003739487754343549
PubchemFP699,0.0037193987162759384
PubchemFP366,0.00370734012093515
PubchemFP346,0.003673320566913121
PubchemFP409,0.0036712858560953104
PubchemFP590,0.003636654346063466
PubchemFP697,0.0036353206845605914
PubchemFP645,0.003471390744670188
PubchemFP698,0.003397746805032708
PubchemFP392,0.003352075464080473
PubchemFP784,0.003340434259664751
PubchemFP737,0.003149064122462714
PubchemFP459,0.0031481322646097916
PubchemFP440,0.003122147205824598
PubchemFP797,0.003079139403175089
PubchemFP611,0.0030682585034049973
PubchemFP684,0.0030295231920700627
PubchemFP569,0.003017831837713818
PubchemFP673,0.0029945322422708347
PubchemFP638,0.0028810273316165554
PubchemFP432,0.0028526729975930283
PubchemFP667,0.002834304642957361
PubchemFP305,0.0028192071507397083
PubchemFP390,0.0028022454373852323
PubchemFP391,0.002755093122138219
PubchemFP385,0.0027251475844986507
PubchemFP702,0.0027230376034311056
PubchemFP261,0.0026969383660687533
PubchemFP186,0.0026786384375705264
PubchemFP258,0.0026503357946179485
PubchemFP593,0.0026310486681278594
PubchemFP146,0.0026152991512184125
PubchemFP665,0.0026130501733684524
PubchemFP692,0.002608670090436112
PubchemFP752,0.0025915848933401975
PubchemFP798,0.0025866826476472777
PubchemFP685,0.002485458141389589
PubchemFP188,0.002484571770154984
PubchemFP758,0.002468660943099648
PubchemFP779,0.002461695381899973
PubchemFP475,0.002415224643785423
PubchemFP734,0.0024077099228688352
PubchemFP145,0.0023656189590812444
PubchemFP340,0.0023336785549979617
PubchemFP713,0.0023261683514675248
PubchemFP181,0.0023197013246344274
PubchemFP20,0.002285975264299287
PubchemFP420,0.002281993413690376
PubchemFP352,0.002215720257207299
PubchemFP200,0.0022002729551646627
PubchemFP2,0.002196622935116696
PubchemFP671,0.002161290086100365
PubchemFP257,0.0021507902043642066
PubchemFP622,0.0021439963458967535
PubchemFP150,0.002132686252597238
PubchemFP800,0.0021146376347790023
PubchemFP192,0.0021052699200888574
PubchemFP397,0.002071983121439782
PubchemFP696,0.002058002661047505
PubchemFP707,0.002045301797760225
PubchemFP652,0.0020440191479450323
PubchemFP399,0.002037375013222556
PubchemFP443,0.0020214173846862344
PubchemFP386,0.002019775366823283
PubchemFP822,0.0019810762929784328
PubchemFP15,0.0019396484325002671
PubchemFP187,0.001900508751496231
PubchemFP536,0.0018695219771642797
PubchemFP493,0.0018355450663082456
PubchemFP672,0.0018273592319675302
PubchemFP345,0.0018199416339394802
PubchemFP380,0.0017993755448185366
PubchemFP364,0.0017962585043530448
PubchemFP431,0.0017942139394413695
PubchemFP19,0.0017937746176936772
PubchemFP776,0.001769755615610254
PubchemFP624,0.001753373184078248
PubchemFP615,0.0017402915463222356
PubchemFP691,0.001739886535582995
PubchemFP711,0.0017398351680621646
PubchemFP206,0.0017382446547241435
PubchemFP577,0.0017271035694381661
PubchemFP337,0.0016982707699422098
PubchemFP681,0.0016876505419114384
PubchemFP759,0.001653632102278766
PubchemFP439,0.0016414169240423699
PubchemFP539,0.0016398305707338021
PubchemFP818,0.0016327970607678403
PubchemFP686,0.0016084422476288795
PubchemFP579,0.001607285968584996
PubchemFP735,0.0015904377265516711
PubchemFP367,0.0015706028619963492
PubchemFP656,0.001556940856123963
PubchemFP630,0.001535675772379684
PubchemFP184,0.0015304198828436208
PubchemFP755,0.0015106030083433769
PubchemFP535,0.0014851144153420642
PubchemFP16,0.001466491782282409
PubchemFP452,0.0014594743005012054
PubchemFP430,0.0014448137627428046
PubchemFP703,0.0014386565896509964
PubchemFP538,0.0014030012918800816
PubchemFP451,0.001399014487511979
PubchemFP602,0.0013795741437191262
PubchemFP341,0.001378592475478912
PubchemFP438,0.0013668934298793475
PubchemFP511,0.0013429367796641385
PubchemFP33,0.0013348823762629814
PubchemFP183,0.0013245797713929055
PubchemFP821,0.0013111298299766103
PubchemFP633,0.001299170021487477
PubchemFP299,0.0012918279332244003
PubchemFP777,0.001272978794155218
PubchemFP393,0.001265571920651905
PubchemFP521,0.0012607135771368916
PubchemFP815,0.0012545590947424046
PubchemFP12,0.0012452019055875212
PubchemFP563,0.001229418078523894
PubchemFP293,0.0012287721189873332
PubchemFP610,0.0012264189958439942
PubchemFP13,0.0011887677506254666
PubchemFP363,0.0011822975579545497
PubchemFP756,0.0011743436855981373
PubchemFP256,0.0011563995730496368
PubchemFP689,0.0011486794575158743
PubchemFP357,0.0011481867421334747
PubchemFP632,0.0011339926111847418
PubchemFP213,0.0011031101283390716
PubchemFP435,0.0010941787481508706
PubchemFP447,0.0010783276244398224
PubchemFP185,0.0010692047759302244
PubchemFP144,0.0010627869892501514
PubchemFP620,0.0010621701649735262
PubchemFP377,0.0010517599995234854
PubchemFP714,0.001046802299639182
PubchemFP553,0.001046129456830272
PubchemFP437,0.0010280922672476574
PubchemFP576,0.001014247045411413
PubchemFP687,0.0010135251775804668
PubchemFP639,0.0010130044511792143
PubchemFP662,0.0010128330498913763
PubchemFP287,0.0010126453149822163
PubchemFP502,0.0010121956707278626
PubchemFP153,0.00100879369722175
PubchemFP693,0.00100357211247202
PubchemFP540,0.0009932672003982366
PubchemFP24,0.0009758880606791106
PubchemFP628,0.0009722528260592828
PubchemFP717,0.0009696046336766362
PubchemFP445,0.0009686485194740205
PubchemFP659,0.0009631521697040756
PubchemFP372,0.0009296434500214172
PubchemFP527,0.0009158481069626391
PubchemFP334,0.0009125335856787813
PubchemFP179,0.0008939285005714931
PubchemFP453,0.0008850467456533169
PubchemFP491,0.0008844621438337241
PubchemFP780,0.0008808924807319858
PubchemFP782,0.0008798412918206407
PubchemFP597,0.0008601043944505782
PubchemFP719,0.0008512426944955083
PubchemFP421,0.0008509856934201623
PubchemFP819,0.0008400123117028402
PubchemFP546,0.0008398268843246031
PubchemFP349,0.0008350089145467452
PubchemFP544,0.0008319629864646577
PubchemFP350,0.0008300685792853091
PubchemFP464,0.0008242086160251634
PubchemFP485,0.0008204414496179994
PubchemFP492,0.0008185410960772673
PubchemFP501,0.0008125009590533376
PubchemFP516,0.0008043641218930351
PubchemFP23,0.0007992688971655768
PubchemFP607,0.0007898950255776044
PubchemFP362,0.0007836142180835105
PubchemFP705,0.0007614567197586084
PubchemFP353,0.0007450580973876277
PubchemFP674,0.0007350070945592913
PubchemFP375,0.0007337494871353678
PubchemFP566,0.0007277901123433374
PubchemFP567,0.0007276573875835426
PubchemFP373,0.0007249014156258834
PubchemFP427,0.0007222451093444728
PubchemFP495,0.00072049616281613
PubchemFP46,0.0007186064949726286
PubchemFP617,0.0007182849498528736
PubchemFP642,0.000716268879813078
PubchemFP694,0.0007145071386037493
PubchemFP194,0.0007140907059895323
PubchemFP550,0.000712931207127615
PubchemFP585,0.0007127873969130445
PubchemFP558,0.0007072841613146411
PubchemFP532,0.0007007891505517146
PubchemFP605,0.0006922907232828806
PubchemFP860,0.0006805946702454438
PubchemFP542,0.0006772050567386398
PubchemFP636,0.0006697642845057124
PubchemFP449,0.0006696970761500043
PubchemFP383,0.0006615852320729542
PubchemFP537,0.0006601694536784415
PubchemFP839,0.0006591860765799251
PubchemFP613,0.0006561767006055616
PubchemFP462,0.0006551560071901015
PubchemFP600,0.000653693689711915
PubchemFP304,0.0006512658821084512
PubchemFP549,0.0006495794002973696
PubchemFP504,0.00063789351693885
PubchemFP382,0.0006376083346956946
PubchemFP635,0.0006344474536106329
PubchemFP663,0.0006338923808446315
PubchemFP417,0.0006338917391969795
PubchemFP661,0.0006321778693801584
PubchemFP738,0.0006277199364755584
PubchemFP336,0.0006274768883651338
PubchemFP477,0.0006244606910947563
PubchemFP598,0.0006231305889034131
PubchemFP824,0.0006193424753891133
PubchemFP565,0.0006167469217431635
PubchemFP508,0.0006096178923172441
PubchemFP788,0.0006095604553488601
PubchemFP38,0.0006060355340278073
PubchemFP365,0.0006034203851476419
PubchemFP710,0.0006004749893034464
PubchemFP518,0.0006004136340675883
PubchemFP21,0.0005965794453851284
PubchemFP18,0.000584008047462276
PubchemFP740,0.0005837319077074145
PubchemFP389,0.0005831721084496731
PubchemFP572,0.0005732178144052632
PubchemFP761,0.0005605745813965075
PubchemFP573,0.0005594054906327966
PubchemFP658,0.0005542457260486655
PubchemFP515,0.0005520018311348773
PubchemFP631,0.0005514196133125974
PubchemFP381,0.0005507192797129746
PubchemFP356,0.0005501665775908098
PubchemFP37,0.0005481807361985027
PubchemFP594,0.0005435571517478943
PubchemFP476,0.0005426973595501709
PubchemFP298,0.0005389823090166778
PubchemFP680,0.0005334215975454549
PubchemFP626,0.000529600576439504
PubchemFP604,0.0005285031392357001
PubchemFP428,0.0005266511562455861
PubchemFP599,0.0005184787421305322
PubchemFP666,0.0005157297489878937
PubchemFP741,0.000512270174691527
PubchemFP708,0.0005028488320547369
PubchemFP589,0.0005020234246104035
PubchemFP461,0.000500536651654751
PubchemFP657,0.0004966715494972598
PubchemFP591,0.0004902356207317748
PubchemFP679,0.0004870299318138276
PubchemFP842,0.00048056218605039327
PubchemFP195,0.0004785386706996341
PubchemFP368,0.0004776001299911373
PubchemFP805,0.00047505782137335255
PubchemFP625,0.000474194648899514
PubchemFP706,0.0004733427005615055
PubchemFP725,0.0004708227044465665
PubchemFP152,0.000466834299056394
PubchemFP700,0.0004664927691346078
PubchemFP342,0.00046622548223856344
PubchemFP294,0.0004645337404589741
PubchemFP701,0.00046249253173189333
PubchemFP300,0.0004609371274521142
PubchemFP503,0.0004591022477999274
PubchemFP637,0.0004589832384600393
PubchemFP571,0.0004567531603398281
PubchemFP467,0.00045617939011748007
PubchemFP543,0.0004531144666821709
PubchemFP514,0.00045045307802126845
PubchemFP644,0.00044996811042841383
PubchemFP803,0.0004422979878548227
PubchemFP214,0.0004394260043798541
PubchemFP575,0.0004392420510660918
PubchemFP403,0.0004352687488870796
PubchemFP581,0.00043347603857231014
PubchemFP379,0.00043061047393229315
PubchemFP401,0.0004276098890996893
PubchemFP455,0.00042622522507840634
PubchemFP742,0.0004262216242915039
PubchemFP651,0.00042440029111800504
PubchemFP215,0.00042035648845260837
PubchemFP592,0.0004197067070175621
PubchemFP1,0.00041766443074398344
PubchemFP406,0.00041753697313858933
PubchemFP149,0.0004105450219424982
PubchemFP157,0.0004095539806282357
PubchemFP683,0.0004073573016605875
PubchemFP649,0.00039926556852506046
PubchemFP547,0.0003989225522585737
PubchemFP286,0.0003925968049032203
PubchemFP423,0.0003925075350150403
PubchemFP376,0.0003855541965888401
PubchemFP465,0.0003848531934614877
PubchemFP548,0.00038189504796499617
PubchemFP472,0.0003723954250264849
PubchemFP396,0.00037095553697765523
PubchemFP801,0.00036632934003393616
PubchemFP763,0.0003582076045686663
PubchemFP690,0.00035525642291318
PubchemFP418,0.0003551990336452513
PubchemFP442,0.00035150494351490167
PubchemFP260,0.0003500539455549108
PubchemFP555,0.00034716467736527705
PubchemFP676,0.0003452024687325229
PubchemFP647,0.0003444134520531722
PubchemFP489,0.0003437986185277215
PubchemFP863,0.0003418574417642209
PubchemFP333,0.0003415476916767562
PubchemFP560,0.00033399560421446033
PubchemFP359,0.00033383551806759196
PubchemFP541,0.0003318515967642398
PubchemFP522,0.0003248553523818257
PubchemFP216,0.0003215373504285152
PubchemFP498,0.00031972582599260253
PubchemFP586,0.0003188283087363992
PubchemFP574,0.00031667452517781505
PubchemFP619,0.00031175483885446253
PubchemFP785,0.000308319471990079
PubchemFP486,0.00029676706598162384
PubchemFP316,0.0002926815035219845
PubchemFP412,0.0002923735376067909
PubchemFP499,0.0002894452984279982
PubchemFP757,0.0002834988717250325
PubchemFP826,0.00028227580646502564
PubchemFP483,0.00028019618846269784
PubchemFP160,0.00027956472339141404
PubchemFP414,0.0002792169117782646
PubchemFP454,0.0002783377368761068
PubchemFP398,0.00027832514929846216
PubchemFP654,0.0002779416853766577
PubchemFP517,0.0002762875258918971
PubchemFP425,0.00027546560850665703
PubchemFP148,0.00027457408057686677
PubchemFP596,0.000274230526289053
PubchemFP861,0.0002695056651165627
PubchemFP616,0.0002693558642404465
PubchemFP523,0.000269257992988186
PubchemFP812,0.00026344884294254807
PubchemFP347,0.00025591410344859636
PubchemFP653,0.00024822378225388623
PubchemFP314,0.0002475706079940882
PubchemFP378,0.00024743243639917126
PubchemFP506,0.0002443905378177079
PubchemFP116,0.00024311176930917275
PubchemFP388,0.0002396489731910206
PubchemFP332,0.00023948135236063133
PubchemFP655,0.00023415792676610852
PubchemFP450,0.00023032426919513657
PubchemFP387,0.0002302688944917165
PubchemFP507,0.0002286938087350274
PubchemFP457,0.00022838254392900571
PubchemFP34,0.00022800687425735761
PubchemFP771,0.00022624453372060153
PubchemFP487,0.00022364627721278529
PubchemFP606,0.00021743034198013427
PubchemFP358,0.00021737570429222086
PubchemFP219,0.00021713655295374122
PubchemFP531,0.00021512894942598014
PubchemFP641,0.00021299228447578013
PubchemFP422,0.00021282832719727806
PubchemFP833,0.000210487889504708
PubchemFP720,0.00020689663761410708
PubchemFP419,0.00020399929532116494
PubchemFP497,0.00020052671107067177
PubchemFP519,0.00019920972769488736
PubchemFP804,0.0001979537272657186
PubchemFP178,0.0001931138730092368
PubchemFP820,0.00019117211373883663
PubchemFP640,0.00018561896943541006
PubchemFP394,0.0001849981905683743
PubchemFP587,0.00018344454509114385
PubchemFP115,0.00018264635445126712
PubchemFP791,0.00018167649712101853
PubchemFP722,0.00018073521032965596
PubchemFP484,0.0001786577429842921
PubchemFP582,0.00017598834313023014
PubchemFP568,0.00017127073096848803
PubchemFP792,0.00016933188878317688
PubchemFP609,0.00016811776319060212
PubchemFP530,0.00016763275585506034
PubchemFP482,0.00016458567793089995
PubchemFP840,0.00016295133859601255
PubchemFP488,0.00016283439352723808
PubchemFP429,0.00016281647672548982
PubchemFP327,0.00016240333077642295
PubchemFP545,0.00015934640958856404
PubchemFP494,0.00015543315075096733
PubchemFP728,0.0001545581360655451
PubchemFP404,0.00015217085563560363
PubchemFP524,0.00015150635605428123
PubchemFP783,0.00015122803986683766
PubchemFP729,0.0001489153211590529
PubchemFP500,0.00014609108822199313
PubchemFP496,0.00014274878533528503
PubchemFP480,0.00014071408108622262
PubchemFP343,0.00013852644638357128
PubchemFP471,0.00013845984645200255
PubchemFP466,0.0001345819198479323
PubchemFP30,0.00013376410900228615
PubchemFP371,0.00013263930754529196
PubchemFP14,0.00013163757222955913
PubchemFP834,0.00012797275439738716
PubchemFP677,0.00012647862276662892
PubchemFP436,0.0001253610110729629
PubchemFP473,0.00011965120860974433
PubchemFP218,0.0001186699656144272
PubchemFP43,0.00011333648627263112
PubchemFP709,0.0001133002911637446
PubchemFP285,0.00011255239998302748
PubchemFP618,0.00011210140501995139
PubchemFP129,0.00011081868127216643
PubchemFP448,0.00010981844437925736
PubchemFP262,0.00010939115894796202
PubchemFP255,0.00010499927620883564
PubchemFP151,0.00010487584357585759
PubchemFP770,0.00010484047366185475
PubchemFP297,0.00010378472403162865
PubchemFP781,0.00010359308257090204
PubchemFP189,9.757387952287915e-05
PubchemFP296,9.605961372023625e-05
PubchemFP330,9.430851960995071e-05
PubchemFP446,9.403442015047965e-05
PubchemFP793,9.268632851076589e-05
PubchemFP229,9.185313490546346e-05
PubchemFP675,9.148580208783022e-05
PubchemFP66,9.09002428338358e-05
PubchemFP351,8.786166441325844e-05
PubchemFP749,8.55614132816712e-05
PubchemFP11,8.517367397135368e-05
PubchemFP670,8.263908224268034e-05
PubchemFP561,8.177168881771877e-05
PubchemFP25,8.037973019978533e-05
PubchemFP361,8.018128940544451e-05
PubchemFP207,7.909079746523669e-05
PubchemFP474,7.847915020873161e-05
PubchemFP227,7.660161447095549e-05
PubchemFP718,7.639850074013897e-05
PubchemFP554,7.618739302321713e-05
PubchemFP230,7.437871840811708e-05
PubchemFP730,7.434972219270263e-05
PubchemFP608,7.416735842336741e-05
PubchemFP533,7.34328102103932e-05
PubchemFP328,7.12759210143161e-05
PubchemFP118,6.809984323596799e-05
PubchemFP802,6.744722382619336e-05
PubchemFP416,6.743020932850112e-05
PubchemFP434,6.672978951206443e-05
PubchemFP751,6.494727999632685e-05
PubchemFP292,6.459827383485944e-05
PubchemFP715,6.298386574924564e-05
PubchemFP529,6.135897425371171e-05
PubchemFP814,6.13482200442188e-05
PubchemFP147,6.035287185341916e-05
PubchemFP799,5.8898728191671144e-05
PubchemFP509,5.834135010002088e-05
PubchemFP130,5.773456048508799e-05
PubchemFP411,5.4951670999994225e-05
PubchemFP778,5.318297674640108e-05
PubchemFP456,5.182315165704978e-05
PubchemFP739,5.134012523696371e-05
PubchemFP505,5.0068816986352426e-05
PubchemFP510,4.967688565753412e-05
PubchemFP470,4.7214023569755243e-05
PubchemFP131,4.6407745567396617e-05
PubchemFP669,4.3311267917267553e-05
PubchemFP17,4.225181077407684e-05
PubchemFP460,4.15276101850423e-05
PubchemFP534,3.8394237132499873e-05
PubchemFP526,3.8326202858358494e-05
PubchemFP513,3.779606836480532e-05
PubchemFP629,3.674870301508567e-05
PubchemFP583,3.626923519839971e-05
PubchemFP570,3.59220423906634e-05
PubchemFP551,3.443475906702867e-05
PubchemFP552,3.417871038130682e-05
PubchemFP370,3.4127880453327535e-05
PubchemFP360,3.2405549466399476e-05
PubchemFP668,3.2032569315367426e-05
PubchemFP348,3.1893491869019365e-05
PubchemFP407,3.0896944492672105e-05
PubchemFP762,3.082312666935766e-05
PubchemFP564,3.0501927888063054e-05
PubchemFP603,2.9888566904767036e-05
PubchemFP660,2.9508613278560798e-05
PubchemFP384,2.914870994933159e-05
PubchemFP217,2.8081532897848466e-05
PubchemFP809,2.732169135509467e-05
PubchemFP786,2.727353255257015e-05
PubchemFP678,2.6388915497784822e-05
PubchemFP723,2.5107203509532236e-05
PubchemFP634,2.3382852628057283e-05
PubchemFP355,2.1932326523688922e-05
PubchemFP664,2.1483234394735742e-05
PubchemFP44,2.1216393032207066e-05
PubchemFP132,2.0887360472970983e-05
PubchemFP595,2.0763825443458327e-05
PubchemFP744,1.9688977469276637e-05
PubchemFP767,1.9490857958681193e-05
PubchemFP747,1.8897846542441895e-05
PubchemFP823,1.8872733886341334e-05
PubchemFP827,1.8488001920969778e-05
PubchemFP830,1.8218759049950472e-05
PubchemFP556,1.6747235620772734e-05
PubchemFP159,1.6497193135571756e-05
PubchemFP520,1.6449036219960317e-05
PubchemFP828,1.6212318044326586e-05
PubchemFP736,1.5953178229506557e-05
PubchemFP201,1.5874488837501078e-05
PubchemFP836,1.558586317598485e-05
PubchemFP773,1.5150927505768641e-05
PubchemFP746,1.46402478594389e-05
PubchemFP329,1.4491187965816456e-05
PubchemFP807,1.418705268528175e-05
PubchemFP760,1.387554423549827e-05
PubchemFP584,1.3734030825018457e-05
PubchemFP764,1.2898399395673719e-05
PubchemFP202,1.2720044564372316e-05
PubchemFP490,1.2523537154156485e-05
PubchemFP469,1.2294229612779498e-05
PubchemFP173,1.2175508899643164e-05
PubchemFP174,1.0977795383402084e-05
PubchemFP835,1.046788867410632e-05
PubchemFP817,1.0374283800140072e-05
PubchemFP441,1.0345232399528648e-05
PubchemFP578,1.018104376676501e-05
PubchemFP413,1.0112945380933431e-05
PubchemFP47,9.872866040376985e-06
PubchemFP171,8.628758798060446e-06
PubchemFP228,7.933971393277643e-06
PubchemFP458,7.666215816656237e-06
PubchemFP866,6.649564856161009e-06
PubchemFP156,5.7152485306701255e-06
PubchemFP845,5.485159649653418e-06
PubchemFP754,5.405469305876453e-06
PubchemFP854,5.308552606292732e-06
PubchemFP794,4.917214114152781e-06
PubchemFP772,4.710773610746567e-06
PubchemFP868,4.518681626332377e-06
PubchemFP810,4.422872443921017e-06
PubchemFP39,3.7807178268901013e-06
PubchemFP9,3.6199534931277824e-06
PubchemFP221,3.5160818097863427e-06
PubchemFP123,2.883741579275348e-06
PubchemFP164,2.839263511089651e-06
PubchemFP122,2.832560955397312e-06
PubchemFP825,2.7513325161137307e-06
PubchemFP283,2.3448828181253926e-06
PubchemFP841,2.2119892792594563e-06
PubchemFP557,2.189521432139593e-06
PubchemFP806,2.1614498979878376e-06
PubchemFP31,2.0831237778814748e-06
PubchemFP862,1.9756127378586323e-06
PubchemFP789,1.9098083252323563e-06
PubchemFP648,1.8742482070043066e-06
PubchemFP765,1.7262832930427489e-06
PubchemFP847,1.6817372861465815e-06
PubchemFP136,1.6125322581549142e-06
PubchemFP344,1.2623483191533113e-06
PubchemFP284,1.2320911484294113e-06
PubchemFP191,1.201329518624019e-06
PubchemFP864,1.027222714762946e-06
PubchemFP415,9.85057571552267e-07
PubchemFP166,9.611320751249325e-07
PubchemFP220,9.24879073329623e-07
PubchemFP139,5.697007635903903e-07
PubchemFP424,5.202227175738888e-07
PubchemFP743,5.149693527614344e-07
PubchemFP875,4.4281638068915277e-07
PubchemFP190,3.8313317683304107e-07
PubchemFP562,3.789013740124422e-07
PubchemFP331,3.5705344035005905e-07
PubchemFP167,2.9534995312870205e-07
PubchemFP843,2.9213076692861496e-07
PubchemFP22,2.2582859232757123e-07
PubchemFP28,2.0394748595249335e-07
PubchemFP354,9.010318310107849e-08
PubchemFP155,5.997470490408247e-08
PubchemFP410,5.988917531419726e-08
PubchemFP10,4.839470399609711e-08
PubchemFP478,4.7279523253487964e-08
PubchemFP209,4.0084269711374784e-08
PubchemFP872,2.8994934124331216e-08
PubchemFP479,2.4941111719903046e-08
PubchemFP726,2.2006225080405785e-08
PubchemFP851,7.990732486764592e-09
PubchemFP768,2.5645127389114796e-09
PubchemFP481,4.0212272113544506e-11
PubchemFP4,0.0
PubchemFP52,0.0
PubchemFP874,0.0
PubchemFP56,0.0
PubchemFP55,0.0
PubchemFP873,0.0
PubchemFP54,0.0
PubchemFP53,0.0
PubchemFP871,0.0
PubchemFP58,0.0
PubchemFP870,0.0
PubchemFP869,0.0
PubchemFP867,0.0
PubchemFP865,0.0
PubchemFP745,0.0
PubchemFP7,0.0
PubchemFP859,0.0
PubchemFP57,0.0
PubchemFP731,0.0
PubchemFP733,0.0
PubchemFP724,0.0
PubchemFP62,0.0
PubchemFP5,0.0
PubchemFP61,0.0
PubchemFP6,0.0
PubchemFP60,0.0
PubchemFP880,0.0
PubchemFP879,0.0
PubchemFP59,0.0
PubchemFP732,0.0
PubchemFP727,0.0
PubchemFP878,0.0
PubchemFP877,0.0
PubchemFP876,0.0
PubchemFP857,0.0
PubchemFP64,0.0
PubchemFP63,0.0
PubchemFP858,0.0
PubchemFP775,0.0
PubchemFP856,0.0
PubchemFP796,0.0
PubchemFP816,0.0
PubchemFP26,0.0
PubchemFP811,0.0
PubchemFP808,0.0
PubchemFP27,0.0
PubchemFP766,0.0
PubchemFP29,0.0
PubchemFP32,0.0
PubchemFP795,0.0
PubchemFP748,0.0
PubchemFP790,0.0
PubchemFP769,0.0
PubchemFP787,0.0
PubchemFP35,0.0
PubchemFP36,0.0
PubchemFP40,0.0
PubchemFP41,0.0
PubchemFP774,0.0
PubchemFP829,0.0
PubchemFP831,0.0
PubchemFP832,0.0
PubchemFP837,0.0
PubchemFP855,0.0
PubchemFP51,0.0
PubchemFP42,0.0
PubchemFP853,0.0
PubchemFP50,0.0
PubchemFP753,0.0
PubchemFP852,0.0
PubchemFP49,0.0
PubchemFP48,0.0
PubchemFP850,0.0
PubchemFP849,0.0
PubchemFP848,0.0
PubchemFP846,0.0
PubchemFP844,0.0
PubchemFP45,0.0
PubchemFP8,0.0
PubchemFP838,0.0
PubchemFP65,0.0
PubchemFP141,0.0
PubchemFP67,0.0
PubchemFP253,0.0
PubchemFP246,0.0
PubchemFP247,0.0
PubchemFP248,0.0
PubchemFP463,0.0
PubchemFP249,0.0
PubchemFP250,0.0
PubchemFP251,0.0
PubchemFP252,0.0
PubchemFP254,0.0
PubchemFP245,0.0
PubchemFP263,0.0
PubchemFP444,0.0
PubchemFP264,0.0
PubchemFP265,0.0
PubchemFP266,0.0
PubchemFP267,0.0
PubchemFP268,0.0
PubchemFP269,0.0
PubchemFP468,0.0
PubchemFP244,0.0
PubchemFP212,0.0
PubchemFP233,0.0
PubchemFP223,0.0
PubchemFP224,0.0
PubchemFP225,0.0
PubchemFP525,0.0
PubchemFP226,0.0
PubchemFP512,0.0
PubchemFP231,0.0
PubchemFP232,0.0
PubchemFP234,0.0
PubchemFP243,0.0
PubchemFP235,0.0
PubchemFP236,0.0
PubchemFP237,0.0
PubchemFP238,0.0
PubchemFP239,0.0
PubchemFP240,0.0
PubchemFP241,0.0
PubchemFP242,0.0
PubchemFP270,0.0
PubchemFP433,0.0
PubchemFP271,0.0
PubchemFP318,0.0
PubchemFP307,0.0
PubchemFP309,0.0
PubchemFP310,0.0
PubchemFP311,0.0
PubchemFP312,0.0
PubchemFP313,0.0
PubchemFP315,0.0
PubchemFP317,0.0
PubchemFP319,0.0
PubchemFP272,0.0
PubchemFP369,0.0
PubchemFP320,0.0
PubchemFP321,0.0
PubchemFP322,0.0
PubchemFP323,0.0
PubchemFP324,0.0
PubchemFP325,0.0
PubchemFP326,0.0
PubchemFP306,0.0
PubchemFP303,0.0
PubchemFP302,0.0
PubchemFP295,0.0
PubchemFP273,0.0
PubchemFP274,0.0
PubchemFP275,0.0
PubchemFP426,0.0
PubchemFP276,0.0
PubchemFP277,0.0
PubchemFP278,0.0
PubchemFP279,0.0
PubchemFP280,0.0
PubchemFP281,0.0
PubchemFP408,0.0
PubchemFP282,0.0
PubchemFP402,0.0
PubchemFP288,0.0
PubchemFP289,0.0
PubchemFP290,0.0
PubchemFP291,0.0
PubchemFP222,0.0
PubchemFP211,0.0
PubchemFP68,0.0
PubchemFP99,0.0
PubchemFP91,0.0
PubchemFP92,0.0
PubchemFP93,0.0
PubchemFP94,0.0
PubchemFP95,0.0
PubchemFP96,0.0
PubchemFP97,0.0
PubchemFP98,0.0
PubchemFP100,0.0
PubchemFP89,0.0
PubchemFP101,0.0
PubchemFP102,0.0
PubchemFP103,0.0
PubchemFP104,0.0
PubchemFP105,0.0
PubchemFP106,0.0
PubchemFP107,0.0
PubchemFP108,0.0
PubchemFP90,0.0
PubchemFP88,0.0
PubchemFP210,0.0
PubchemFP77,0.0
PubchemFP69,0.0
PubchemFP70,0.0
PubchemFP71,0.0
PubchemFP72,0.0
PubchemFP73,0.0
PubchemFP74,0.0
PubchemFP75,0.0
PubchemFP76,0.0
PubchemFP78,0.0
PubchemFP87,0.0
PubchemFP79,0.0
PubchemFP80,0.0
PubchemFP81,0.0
PubchemFP82,0.0
PubchemFP83,0.0
PubchemFP84,0.0
PubchemFP85,0.0
PubchemFP86,0.0
PubchemFP109,0.0
PubchemFP110,0.0
PubchemFP111,0.0
PubchemFP175,0.0
PubchemFP161,0.0
PubchemFP162,0.0
PubchemFP163,0.0
PubchemFP165,0.0
PubchemFP168,0.0
PubchemFP169,0.0
PubchemFP170,0.0
PubchemFP172,0.0
PubchemFP176,0.0
PubchemFP112,0.0
PubchemFP177,0.0
PubchemFP196,0.0
PubchemFP197,0.0
PubchemFP198,0.0
PubchemFP203,0.0
PubchemFP204,0.0
PubchemFP205,0.0
PubchemFP208,0.0
PubchemFP158,0.0
PubchemFP154,0.0
PubchemFP142,0.0
PubchemFP140,0.0
PubchemFP113,0.0
PubchemFP114,0.0
PubchemFP117,0.0
PubchemFP119,0.0
PubchemFP120,0.0
PubchemFP121,0.0
PubchemFP124,0.0
PubchemFP125,0.0
PubchemFP126,0.0
PubchemFP127,0.0
PubchemFP128,0.0
PubchemFP627,0.0
PubchemFP133,0.0
PubchemFP134,0.0
PubchemFP135,0.0
PubchemFP137,0.0
PubchemFP138,0.0
PubchemFP0,0.0
